unit,title,url
1,"Fun With Roman Numerals",https://youtu.be/eZsWyqwwkAY
2,"2x2 = Boo",https://youtu.be/fyhaKXil3bE
3,"Counting on Katherine",https://youtu.be/OyDHAWDI70Q
4,"Minnie's Diner",https://youtu.be/-t4mmOacKqY
5,"Betcha",https://www.youtube.com/watch?v=mvr9dnSSUm0
6,"Fraction Action",https://youtu.be/Q32jqZehANs
7,"Follow the Money!",https://youtu.be/-FDF4XErNaU
8,"The Best of Times",https://youtu.be/CgDr_Wr_cMI
9,"Bigger, Better, Best",https://www.youtube.com/watch?v=qwLgB6QdzC4
10,"The Doorbell Rang",https://youtu.be/A-tqjCPnHLg
11,"How Many Jelly Beans",https://youtu.be/kYgdwdPgQZo
12,"Divide and Ride",https://youtu.be/TBOBlHUhUTM
13,"Which One Doesn't Belong",https://www.youtube.com/watch?v=7OdK92mhgtc
14,"How Do you Know What Time It Is?",https://youtu.be/iuGchhxd-EQ
15,"A Remainder of One",https://youtu.be/KjnoAPsDI-Y
16,"Room for Ripley",https://youtu.be/DSCi9g0KULo
